status: draft
id: VAMCStationNumber
description: VA Medical Center Station Numbers with corresponding facility names.
type: string
values:
- value: '402'
  label: 402_TOGUS_ME
  description: Togus, ME
- value: '405'
  label: 405_WHITE_RIVER_JUNCTION_VT
  description: White River Junction, VT
- value: '436'
  label: 436_MONTANA_HCS
  description: Montana HCS
- value: '437'
  label: 437_FARGO_ND
  description: Fargo, ND
- value: '438'
  label: 438_SIOUX_FALLS_SD
  description: Sioux Falls, SD
- value: '442'
  label: 442_CHEYENNE_WY
  description: Cheyenne, WY
- value: '459'
  label: 459_HONOLULU_HI
  description: Honolulu, HI
- value: '460'
  label: 460_WILMINGTON_DE
  description: Wilmington, DE
- value: '463'
  label: 463_ANCHORAGE_AK
  description: Anchorage, AK
- value: '501'
  label: 501_NEW_MEXICO_HCS
  description: New Mexico HCS
- value: '502'
  label: 502_ALEXANDRIA_LA
  description: Alexandria, LA
- value: '503'
  label: 503_ALTOONA_PA
  description: Altoona, PA
- value: '504'
  label: 504_AMARILLO_TX
  description: Amarillo, TX
- value: '506'
  label: 506_ANN_ARBOR_MI
  description: Ann Arbor, MI
- value: '508'
  label: 508_ATLANTA_GA
  description: Atlanta, GA
- value: '509'
  label: 509_AUGUSTA_GA
  description: Augusta, GA
- value: '512'
  label: 512_BALTIMORE_HCS_MD
  description: Baltimore HCS, MD
- value: '515'
  label: 515_BATTLE_CREEK_MI
  description: Battle Creek, MI
- value: '516'
  label: 516_BAY_PINES_FL
  description: Bay Pines, FL
- value: '517'
  label: 517_BECKLEY_WV
  description: Beckley, WV
- value: '518'
  label: 518_BEDFORD_MA
  description: Bedford, MA
- value: '519'
  label: 519_BIG_SPRING_TX
  description: Big Spring, TX
- value: '520'
  label: 520_GULF_COAST_HCS_MS
  description: Gulf Coast HCS, MS
- value: '521'
  label: 521_BIRMINGHAM_AL
  description: Birmingham, AL
- value: '523'
  label: 523_VA_BOSTON_HCS_MA
  description: VA Boston HCS, MA
- value: '526'
  label: 526_BRONX_NY
  description: Bronx, NY
- value: '528'
  label: 528_WESTERN_NEW_YORK_NY
  description: Western New York, NY
- value: '529'
  label: 529_BUTLER_PA
  description: Butler, PA
- value: '531'
  label: 531_BOISE_ID
  description: Boise, ID
- value: '534'
  label: 534_CHARLESTON_SC
  description: Charleston, SC
- value: '537'
  label: 537_JESSE_BROWN_VAMC_CHICAGO_IL
  description: Jesse Brown VAMC (Chicago), IL
- value: '538'
  label: 538_CHILLICOTHE_OH
  description: Chillicothe, OH
- value: '539'
  label: 539_CINCINNATI_OH
  description: Cincinnati, OH
- value: '540'
  label: 540_CLARKSBURG_WV
  description: Clarksburg, WV
- value: '541'
  label: 541_CLEVELAND_OH
  description: Cleveland, OH
- value: '542'
  label: 542_COATESVILLE_PA
  description: Coatesville, PA
- value: '544'
  label: 544_COLUMBIA_SC
  description: Columbia, SC
- value: '546'
  label: 546_MIAMI_FL
  description: Miami, FL
- value: '548'
  label: 548_WEST_PALM_BEACH_FL
  description: West Palm Beach, FL
- value: '549'
  label: 549_DALLAS_TX
  description: Dallas, TX
- value: '550'
  label: 550_DANVILLE_IL
  description: Danville, IL
- value: '552'
  label: 552_DAYTON_OH
  description: Dayton, OH
- value: '553'
  label: 553_DETROIT_MI
  description: Detroit, MI
- value: '554'
  label: 554_DENVER_CO
  description: Denver, CO
- value: '556'
  label: 556_CAPTAIN_JAMES_A_LOVELL_FHCC
  description: Captain James A Lovell FHCC
- value: '557'
  label: 557_DUBLIN_GA
  description: Dublin, GA
- value: '558'
  label: 558_DURHAM_NC
  description: Durham, NC
- value: '561'
  label: 561_NEW_JERSEY_HCS_NJ
  description: New Jersey HCS, NJ
- value: '562'
  label: 562_ERIE_PA
  description: Erie, PA
- value: '564'
  label: 564_FAYETTEVILLE_AR
  description: Fayetteville, AR
- value: '565'
  label: 565_FAYETTEVILLE_NC
  description: Fayetteville, NC
- value: '568'
  label: 568_BLACK_HILLS_HCS_SD
  description: Black Hills HCS, SD
- value: '570'
  label: 570_FRESNO_CA
  description: Fresno, CA
- value: '573'
  label: 573_GAINESVILLE_FL
  description: Gainesville, FL
- value: '575'
  label: 575_GRAND_JUNCTION_CO
  description: Grand Junction, CO
- value: '578'
  label: 578_HINES_IL
  description: Hines, IL
- value: '580'
  label: 580_HOUSTON_TX
  description: Houston, TX
- value: '581'
  label: 581_HUNTINGTON_WV
  description: Huntington, WV
- value: '583'
  label: 583_INDIANAPOLIS_IN
  description: Indianapolis, IN
- value: '585'
  label: 585_IRON_MOUNTAIN_MI
  description: Iron Mountain, MI
- value: '586'
  label: 586_JACKSON_MS
  description: Jackson, MS
- value: '589'
  label: 589_KANSAS_City_MO
  description: Kansas City, MO
- value: '590'
  label: 590_HAMPTON_VA
  description: Hampton, VA
- value: '593'
  label: 593_LAS_VEGAS_NV
  description: Las Vegas, NV
- value: '595'
  label: 595_LEBANON_PA
  description: Lebanon, PA
- value: '596'
  label: 596_LEXINGTON_KY
  description: Lexington, KY
- value: '598'
  label: 598_LITTLE_ROCK_AR
  description: Little Rock, AR
- value: '600'
  label: 600_LONG_BEACH_CA
  description: Long Beach, CA
- value: '603'
  label: 603_LOUISVILLE_KY
  description: Louisville, KY
- value: '605'
  label: 605_LOMA_LINDA_CA
  description: Loma Linda, CA
- value: '607'
  label: 607_MADISON_WI
  description: Madison, WI
- value: '608'
  label: 608_MANCHESTER_NH
  description: Manchester, NH
- value: '610'
  label: 610_NORTHERN_INDIANA_HCS_IN
  description: Northern Indiana HCS, IN
- value: '612'
  label: 612_N_CALIFORNIA_CA
  description: N. California, CA
- value: '613'
  label: 613_MARTINSBURG_WV
  description: Martinsburg, WV
- value: '614'
  label: 614_MEMPHIS_TN
  description: Memphis, TN
- value: '618'
  label: 618_MINNEAPOLIS_MN
  description: Minneapolis, MN
- value: '619'
  label: 619_CENTRAL_ALABAMA_VETERANS_HCS_AL
  description: Central Alabama Veterans HCS, AL
- value: '620'
  label: 620_VA_HUDSON_VALLEY_HCS_NY
  description: VA Hudson Valley HCS, NY
- value: '621'
  label: 621_MOUNTAIN_HOME_TN
  description: Mountain Home, TN
- value: '623'
  label: 623_MUSKOGEE_OK
  description: Muskogee, OK
- value: '626'
  label: 626_MIDDLE_TENNESSEE_HCS_TN
  description: Middle Tennessee HCS, TN
- value: '629'
  label: 629_NEW_ORLEANS_LA
  description: New Orleans, LA
- value: '630'
  label: 630_NEW_YORK_HARBOR_HCS_NY
  description: New York Harbor HCS, NY
- value: '631'
  label: 631_VA_CENTRAL_WESTERN_MASSACHUSETTS_HCS
  description: VA Central Western Massachusetts HCS
- value: '632'
  label: 632_NORTHPORT_NY
  description: Northport, NY
- value: '635'
  label: 635_OKLAHOMA_City_OK
  description: Oklahoma City, OK
- value: '636'
  label: 636_NEBRASKA_W_IOWA_NE
  description: Nebraska-W Iowa, NE
- value: '637'
  label: 637_ASHEVILLE_NC
  description: Asheville, NC
- value: '640'
  label: 640_PALO_ALTO_CA
  description: Palo Alto, CA
- value: '642'
  label: 642_PHILADELPHIA_PA
  description: Philadelphia, PA
- value: '644'
  label: 644_PHOENIX_AZ
  description: Phoenix, AZ
- value: '646'
  label: 646_PITTSBURGH_PA
  description: Pittsburgh, PA
- value: '648'
  label: 648_PORTLAND_OR
  description: Portland, OR
- value: '649'
  label: 649_NORTHERN_ARIZONA_HCS
  description: Northern Arizona HCS
- value: '650'
  label: 650_PROVIDENCE_RI
  description: Providence, RI
- value: '652'
  label: 652_RICHMOND_VA
  description: Richmond, VA
- value: '653'
  label: 653_ROSEBURG_OR
  description: Roseburg, OR
- value: '654'
  label: 654_RENO_NV
  description: Reno, NV
- value: '655'
  label: 655_SAGINAW_MI
  description: Saginaw, MI
- value: '656'
  label: 656_ST_CLOUD_MN
  description: St. Cloud, MN
- value: '657'
  label: 657_ST_LOUIS_MO
  description: St. Louis, MO
- value: '658'
  label: 658_SALEM_VA
  description: Salem, VA
- value: '659'
  label: 659_SALISBURY_NC
  description: Salisbury, NC
- value: '660'
  label: 660_SALT_LAKE_City_UT
  description: Salt Lake City, UT
- value: '662'
  label: 662_SAN_FRANCISCO_CA
  description: San Francisco, CA
- value: '663'
  label: 663_VA_PUGET_SOUND_WA
  description: VA Puget Sound, WA
- value: '664'
  label: 664_SAN_DIEGO_CA
  description: San Diego, CA
- value: '666'
  label: 666_SHERIDAN_WY
  description: Sheridan, WY
- value: '667'
  label: 667_SHREVEPORT_LA
  description: Shreveport, LA
- value: '668'
  label: 668_SPOKANE_WA
  description: Spokane, WA
- value: '671'
  label: 671_SAN_ANTONIO_TX
  description: San Antonio, TX
- value: '672'
  label: 672_SAN_JUAN_PR
  description: San Juan, PR
- value: '673'
  label: 673_TAMPA_FL
  description: Tampa, FL
- value: '674'
  label: 674_TEMPLE_TX
  description: Temple, TX
- value: '675'
  label: 675_ORLANDO_FL
  description: Orlando, FL
- value: '676'
  label: 676_TOMAH_WI
  description: Tomah, WI
- value: '678'
  label: 678_SOUTHERN_ARIZONA_HCS
  description: Southern Arizona HCS
- value: '679'
  label: 679_TUSCALOOSA_AL
  description: Tuscaloosa, AL
- value: '687'
  label: 687_WALLA_WALLA_WA
  description: Walla Walla, WA
- value: '688'
  label: 688_WASHINGTON_DC
  description: Washington, DC
- value: '689'
  label: 689_VA_CONNECTICUT_HCS_CT
  description: VA Connecticut HCS, CT
- value: '691'
  label: 691_GREATER_LOS_ANGELES_HCS
  description: Greater Los Angeles HCS
- value: '692'
  label: 692_WHITE_City_OR
  description: White City, OR
- value: '693'
  label: 693_WILKES_BARRE_PA
  description: Wilkes-Barre, PA
- value: '695'
  label: 695_MILWAUKEE_WI
  description: Milwaukee, WI
- value: '740'
  label: 740_VA_TEXAS_VALLEY_COASTAL_BEND_HCS
  description: VA Texas Valley Coastal Bend HCS
- value: '756'
  label: 756_EL_PASO_TX
  description: El Paso, TX
- value: '757'
  label: 757_COLUMBUS_OH
  description: Columbus, OH
- value: 459GE
  label: 459GE_GUAM
  description: Guam
- value: 528A5
  label: 528A5_CANANDAIGUA_NY
  description: Canandaigua, NY
- value: 528A6
  label: 528A6_BATH_NY
  description: Bath, NY
- value: 528A7
  label: 528A7_SYRACUSE_NY
  description: Syracuse, NY
- value: 528A8
  label: 528A8_ALBANY_NY
  description: Albany, NY
- value: 589A4
  label: 589A4_COLUMBIA_MO
  description: Columbia, MO
- value: 589A5
  label: 589A5_KANSAS_City_MO
  description: Kansas City, MO
- value: 589A6
  label: 589A6_EASTERN_KS_HCS_KS
  description: Eastern KS HCS, KS
- value: 589A7
  label: 589A7_WICHITA_KS
  description: Wichita, KS
- value: 636A6
  label: 636A6_CENTRAL_IOWA_IA
  description: Central Iowa, IA
- value: 636A8
  label: 636A8_IOWA_City_IA
  description: Iowa City, IA
- value: 657A4
  label: 657A4_POPLAR_BLUFF_MO
  description: Poplar Bluff, MO
- value: 657A5
  label: 657A5_MARION_IL
  description: Marion, IL
- value: '99'
  label: DATA_NOT_COLLECTED
  description: Data not collected
source:
  openapi_schema: VAMCStationNumber_list
notes:
  curation: ''
